<?xml version="1.0" encoding="UTF-8"?>
<project-private xmlns="http://www.netbeans.org/ns/project-private/1">
    <editor-bookmarks xmlns="http://www.netbeans.org/ns/editor-bookmarks/2" lastBookmarkId="0"/>
    <open-files xmlns="http://www.netbeans.org/ns/projectui-open-files/2">
        <group>
            <file>file:/C:/Users/tosca/OneDrive/Documentos/NetBeansProjects/Crud_Java/src/VIEW/Register_screen.java</file>
            <file>file:/C:/Users/tosca/OneDrive/Documentos/NetBeansProjects/Crud_Java/src/DTO/CadastroDTO.java</file>
            <file>file:/C:/Users/tosca/OneDrive/Documentos/NetBeansProjects/Crud_Java/src/DAO/CadastroDAO.java</file>
        </group>
    </open-files>
</project-private>
